{"entities":{"pages":{"Starting-Page":{"id":"Starting-Page","title":"起始頁","url":"starting-page.html","level":0,"pages":["CodeNote-Starting-Page","Japanese-Starting-Page"],"tabIndex":0},"CodeNote-Starting-Page":{"id":"CodeNote-Starting-Page","title":"程式碼","url":"codenote-starting-page.html","level":1,"parentId":"Starting-Page","pages":["VBA","Git","CSharp","CSS","JavaScript","SQL"],"tabIndex":0},"VBA":{"id":"VBA","title":"VBA","url":"vba.html","level":2,"parentId":"CodeNote-Starting-Page","pages":["VBAcode"],"tabIndex":0},"VBAcode":{"id":"VBAcode","title":"VBA程式碼","url":"vbacode.html","level":3,"parentId":"VBA","tabIndex":0},"Git":{"id":"Git","title":"Git","url":"git.html","level":2,"parentId":"CodeNote-Starting-Page","pages":["GitCode"],"tabIndex":1},"GitCode":{"id":"GitCode","title":"Git程式碼","url":"gitcode.html","level":3,"parentId":"Git","tabIndex":0},"CSharp":{"id":"CSharp","title":"C#","url":"csharp.html","level":2,"parentId":"CodeNote-Starting-Page","pages":["Csharp-Code"],"tabIndex":2},"Csharp-Code":{"id":"Csharp-Code","title":"C#程式码","url":"csharp-code.html","level":3,"parentId":"CSharp","tabIndex":0},"CSS":{"id":"CSS","title":"CSS","url":"css.html","level":2,"parentId":"CodeNote-Starting-Page","pages":["Flex","CSScode"],"tabIndex":3},"Flex":{"id":"Flex","title":"Flex彈性容器","url":"flex.html","level":3,"parentId":"CSS","tabIndex":0},"CSScode":{"id":"CSScode","title":"CSS程式码","url":"csscode.html","level":3,"parentId":"CSS","tabIndex":1},"JavaScript":{"id":"JavaScript","title":"JavaScript","url":"javascript.html","level":2,"parentId":"CodeNote-Starting-Page","pages":["JavascriptCode"],"tabIndex":4},"JavascriptCode":{"id":"JavascriptCode","title":"Javascript程式码","url":"javascriptcode.html","level":3,"parentId":"JavaScript","tabIndex":0},"SQL":{"id":"SQL","title":"SQL","url":"sql.html","level":2,"parentId":"CodeNote-Starting-Page","pages":["SQLcode"],"tabIndex":5},"SQLcode":{"id":"SQLcode","title":"SQL程式码","url":"sqlcode.html","level":3,"parentId":"SQL","tabIndex":0},"Japanese-Starting-Page":{"id":"Japanese-Starting-Page","title":"日本語","url":"japanese-starting-page.html","level":1,"parentId":"Starting-Page","pages":["tango","bunpo","taiwa"],"tabIndex":1},"tango":{"id":"tango","title":"単語","url":"tango.html","level":2,"parentId":"Japanese-Starting-Page","tabIndex":0},"bunpo":{"id":"bunpo","title":"文法","url":"bunpo.html","level":2,"parentId":"Japanese-Starting-Page","tabIndex":1},"taiwa":{"id":"taiwa","title":"日常対話","url":"taiwa.html","level":2,"parentId":"Japanese-Starting-Page","tabIndex":2}}},"topLevelIds":["Starting-Page"]}