{"entities":{"pages":{"Starting-Page":{"id":"Starting-Page","title":"起始頁","url":"starting-page.html","level":0,"pages":["CodeNote-Starting-Page","Japanese-Starting-Page"],"tabIndex":0},"CodeNote-Starting-Page":{"id":"CodeNote-Starting-Page","title":"程式碼","url":"codenote-starting-page.html","level":1,"parentId":"Starting-Page","pages":["Git-Starting-Page","Csharp-Starting-Page","CSS-Starting-Page","Javascript-Starting-Page","SQL-Starting-Page"],"tabIndex":0},"Git-Starting-Page":{"id":"Git-Starting-Page","title":"Git","url":"git-starting-page.html","level":2,"parentId":"CodeNote-Starting-Page","pages":["GitCode"],"tabIndex":0},"GitCode":{"id":"GitCode","title":"GitCode","url":"gitcode.html","level":3,"parentId":"Git-Starting-Page","tabIndex":0},"Csharp-Starting-Page":{"id":"Csharp-Starting-Page","title":"C#","url":"csharp-starting-page.html","level":2,"parentId":"CodeNote-Starting-Page","pages":["Csharp-Code"],"tabIndex":1},"Csharp-Code":{"id":"Csharp-Code","title":"C#程式码","url":"csharp-code.html","level":3,"parentId":"Csharp-Starting-Page","tabIndex":0},"CSS-Starting-Page":{"id":"CSS-Starting-Page","title":"CSS","url":"css-starting-page.html","level":2,"parentId":"CodeNote-Starting-Page","pages":["Flex","CSScode"],"tabIndex":2},"Flex":{"id":"Flex","title":"Flex彈性容器","url":"flex.html","level":3,"parentId":"CSS-Starting-Page","tabIndex":0},"CSScode":{"id":"CSScode","title":"CSS程式码","url":"csscode.html","level":3,"parentId":"CSS-Starting-Page","tabIndex":1},"Javascript-Starting-Page":{"id":"Javascript-Starting-Page","title":"Javascript","url":"javascript-starting-page.html","level":2,"parentId":"CodeNote-Starting-Page","pages":["JavascriptCode"],"tabIndex":3},"JavascriptCode":{"id":"JavascriptCode","title":"Javascript程式码","url":"javascriptcode.html","level":3,"parentId":"Javascript-Starting-Page","tabIndex":0},"SQL-Starting-Page":{"id":"SQL-Starting-Page","title":"SQL","url":"sql-starting-page.html","level":2,"parentId":"CodeNote-Starting-Page","pages":["SQLcode"],"tabIndex":4},"SQLcode":{"id":"SQLcode","title":"SQL程式码","url":"sqlcode.html","level":3,"parentId":"SQL-Starting-Page","tabIndex":0},"Japanese-Starting-Page":{"id":"Japanese-Starting-Page","title":"日本語","url":"japanese-starting-page.html","level":1,"parentId":"Starting-Page","pages":["tango","bunpo","taiwa"],"tabIndex":1},"tango":{"id":"tango","title":"単語","url":"tango.html","level":2,"parentId":"Japanese-Starting-Page","tabIndex":0},"bunpo":{"id":"bunpo","title":"文法","url":"bunpo.html","level":2,"parentId":"Japanese-Starting-Page","tabIndex":1},"taiwa":{"id":"taiwa","title":"日常対話","url":"taiwa.html","level":2,"parentId":"Japanese-Starting-Page","tabIndex":2}}},"topLevelIds":["Starting-Page"]}