{"title":"程式碼筆記首頁","subtitle":"包含常用程式碼","tips":[{"title":"起始頁","description":"返回起始頁","url":"starting-page.html","type":"start"},{"title":"日本語","description":"前往日本語筆記","url":"japanese-starting-page.html","type":"world"}],"main":{"title":"筆記列表","data":[{"title":"VBA程式碼","description":"用Visual Basic for Applications (VBA) for Office 來執行重複性工作並完成更多工作，這是一種簡單但功能強大的程式設計語言，可用來擴充 Office 應用程式","url":"vba.html"},{"title":"Git指令碼","description":"Git命令行是一個功能強大的工具，允許開發者高效地管理和協作處理代碼版本. 它提供了豐富的命令集，支持從簡單的提交到複雜的分支操作","url":"git.html"},{"title":"C#程式碼","description":"C#是一種由微軟開發的多用途編程語言，廣泛用於桌面應用、網站和遊戲開發. 它結合了C++的強大功能和Java的簡潔性，提供了安全性和高效性","url":"csharp.html"},{"title":"CSS程式碼","description":"CSS（層疊樣式表）是一種用於控制網頁外觀和佈局的語言，使得網頁設計更加美觀和有組織. 它允許開發者通過簡單的規則定義文本、顏色、佈局和動畫等樣式","url":"css.html"},{"title":"JavaScript程式碼","description":"JavaScript是一種強大的腳本語言，可以在網頁上實現動態內容更新、交互式地圖和動畫效果. 它是Web開發的核心技術之一，與HTML和CSS一起構建現代網頁","url":"javascript.html"},{"title":"SQL程式碼","description":"SQL（結構化查詢語言）是一種用於管理和操作關係數據庫的聲明性語言. 它允許用戶通過簡單的查詢語句高效地檢索、插入、更新和刪除數據","url":"sql.html"}]},"highlighted":{"title":"構建工具","data":[{"title":"Writerside","description":"本筆記使用Jetbrains Writerside構建","url":"https://www.jetbrains.com/writerside/"}]},"prevNextLinks":{"prevPageTitle":"起始頁","nextPageUrl":"vba.html","nextPageTitle":"VBA","prevPageUrl":"starting-page.html"}}