{"title":"Section starting page title","subtitle":"Add an introductory paragraph: explain what this section is about in 2-3 short sentences.","tips":[{"title":"Custom card title","description":"This overrides the card summary of the topic","url":"","type":"account"},{"title":"Another custom title","description":"This overrides the card summary of the topic","url":"","type":"search"}],"main":{"title":"Get started","data":[{"title":"Git","description":"Section starting page title Add an introductory paragraph: explain what this section is about in 2-3 short sentences. Custom card title Another custom title Get started Custom card title Custom card title Explore advanced features Custom card title Custom card title Other relevant…","url":""},{"title":"Git","description":"With a custom card summary","url":""},{"title":"Custom card title","description":"Section starting page title Add an introductory paragraph: explain what this section is about in 2-3 short sentences. Custom card title Another custom title Get started Custom card title Custom card title Explore advanced features Custom card title Custom card title Other relevant…","url":""},{"title":"Custom card title","description":"With a custom card summary","url":""}]},"highlighted":{"title":"Explore advanced features","data":[{"title":"Git","description":"Section starting page title Add an introductory paragraph: explain what this section is about in 2-3 short sentences. Custom card title Another custom title Get started Custom card title Custom card title Explore advanced features Custom card title Custom card title Other relevant…","url":""},{"title":"Git","description":"With a custom card summary","url":""},{"title":"Custom card title","description":"Section starting page title Add an introductory paragraph: explain what this section is about in 2-3 short sentences. Custom card title Another custom title Get started Custom card title Custom card title Explore advanced features Custom card title Custom card title Other relevant…","url":""},{"title":"Custom card title","description":"With a custom card summary","url":""}]},"groups":[{"title":"Other relevant topics as wide cards","type":"cards","display":"wide","data":[{"title":"Git","description":"Section starting page title Add an introductory paragraph: explain what this section is about in 2-3 short sentences. Custom card title Another custom title Get started Custom card title Custom card title Explore advanced features Custom card title Custom card title Other relevant…","url":""},{"title":"Git","description":"With a custom card summary","url":""},{"title":"Custom card title","description":"Section starting page title Add an introductory paragraph: explain what this section is about in 2-3 short sentences. Custom card title Another custom title Get started Custom card title Custom card title Explore advanced features Custom card title Custom card title Other relevant…","url":""},{"title":"Custom card title","description":"With a custom card summary","url":""}]},{"title":"Other relevant topics as narrow cards","type":"cards","display":"normal","data":[{"title":"Git","description":"Section starting page title Add an introductory paragraph: explain what this section is about in 2-3 short sentences. Custom card title Another custom title Get started Custom card title Custom card title Explore advanced features Custom card title Custom card title Other relevant…","url":""},{"title":"Git","description":"Section starting page title Add an introductory paragraph: explain what this section is about in 2-3 short sentences. Custom card title Another custom title Get started Custom card title Custom card title Explore advanced features Custom card title Custom card title Other relevant…","url":""},{"title":"Git","description":"With a custom card summary","url":""},{"title":"Custom card title","description":"Section starting page title Add an introductory paragraph: explain what this section is about in 2-3 short sentences. Custom card title Another custom title Get started Custom card title Custom card title Explore advanced features Custom card title Custom card title Other relevant…","url":""},{"title":"Custom card title","description":"Section starting page title Add an introductory paragraph: explain what this section is about in 2-3 short sentences. Custom card title Another custom title Get started Custom card title Custom card title Explore advanced features Custom card title Custom card title Other relevant…","url":""},{"title":"Custom card title","description":"With a custom card summary","url":""}]},{"type":"links","display":"wide","data":[{"title":"Other related topics as links","data":[{"title":"Git","description":"Section starting page title Add an introductory paragraph: explain what this section is about in 2-3 short sentences. Custom card title Another custom title Get started Custom card title Custom card title Explore advanced features Custom card title Custom card title Other relevant…","url":""},{"title":"Git","description":"With a custom card summary","url":""},{"title":"Custom card title","description":"Section starting page title Add an introductory paragraph: explain what this section is about in 2-3 short sentences. Custom card title Another custom title Get started Custom card title Custom card title Explore advanced features Custom card title Custom card title Other relevant…","url":""},{"title":"Custom card title","description":"With a custom card summary","url":""}]},{"title":"Two in a row","data":[{"title":"Git","description":"Section starting page title Add an introductory paragraph: explain what this section is about in 2-3 short sentences. Custom card title Another custom title Get started Custom card title Custom card title Explore advanced features Custom card title Custom card title Other relevant…","url":""},{"title":"Git","description":"With a custom card summary","url":""},{"title":"Custom card title","description":"Section starting page title Add an introductory paragraph: explain what this section is about in 2-3 short sentences. Custom card title Another custom title Get started Custom card title Custom card title Explore advanced features Custom card title Custom card title Other relevant…","url":""},{"title":"Custom card title","description":"With a custom card summary","url":""}]}]},{"type":"links","display":"normal","data":[{"title":"More related topics","data":[{"title":"Git","description":"Section starting page title Add an introductory paragraph: explain what this section is about in 2-3 short sentences. Custom card title Another custom title Get started Custom card title Custom card title Explore advanced features Custom card title Custom card title Other relevant…","url":""},{"title":"Git","description":"With a custom card summary","url":""},{"title":"Custom card title","description":"Section starting page title Add an introductory paragraph: explain what this section is about in 2-3 short sentences. Custom card title Another custom title Get started Custom card title Custom card title Explore advanced features Custom card title Custom card title Other relevant…","url":""},{"title":"Custom card title","description":"With a custom card summary","url":""}]},{"title":"Three in a row","data":[{"title":"Git","description":"Section starting page title Add an introductory paragraph: explain what this section is about in 2-3 short sentences. Custom card title Another custom title Get started Custom card title Custom card title Explore advanced features Custom card title Custom card title Other relevant…","url":""},{"title":"Git","description":"Section starting page title Add an introductory paragraph: explain what this section is about in 2-3 short sentences. Custom card title Another custom title Get started Custom card title Custom card title Explore advanced features Custom card title Custom card title Other relevant…","url":""},{"title":"Custom card title","description":"Section starting page title Add an introductory paragraph: explain what this section is about in 2-3 short sentences. Custom card title Another custom title Get started Custom card title Custom card title Explore advanced features Custom card title Custom card title Other relevant…","url":""},{"title":"Custom card title","description":"Section starting page title Add an introductory paragraph: explain what this section is about in 2-3 short sentences. Custom card title Another custom title Get started Custom card title Custom card title Explore advanced features Custom card title Custom card title Other relevant…","url":""}]},{"title":"Each group is narrow","data":[{"title":"Git","description":"Section starting page title Add an introductory paragraph: explain what this section is about in 2-3 short sentences. Custom card title Another custom title Get started Custom card title Custom card title Explore advanced features Custom card title Custom card title Other relevant…","url":""},{"title":"Git","description":"Section starting page title Add an introductory paragraph: explain what this section is about in 2-3 short sentences. Custom card title Another custom title Get started Custom card title Custom card title Explore advanced features Custom card title Custom card title Other relevant…","url":""},{"title":"Custom card title","description":"Section starting page title Add an introductory paragraph: explain what this section is about in 2-3 short sentences. Custom card title Another custom title Get started Custom card title Custom card title Explore advanced features Custom card title Custom card title Other relevant…","url":""},{"title":"Custom card title","description":"Section starting page title Add an introductory paragraph: explain what this section is about in 2-3 short sentences. Custom card title Another custom title Get started Custom card title Custom card title Explore advanced features Custom card title Custom card title Other relevant…","url":""}]}]}],"prevNextLinks":{"prevPageTitle":"程式碼","nextPageUrl":"gitcode.html","nextPageTitle":"GitCode","prevPageUrl":"codenote-starting-page.html"}}