{"title":"程式碼筆記首頁","subtitle":"包含常用程式碼","tips":[{"title":"C#","description":"This overrides the card summary of the topic","url":"","type":"account"},{"title":"SQL","description":"This overrides the card summary of the topic","url":"","type":"mixed"}],"main":{"title":"Get started","data":[{"title":"程式碼","description":"程式碼筆記首頁 包含常用程式碼 C# SQL Get started Custom card title Custom card title Explore advanced features Custom card title Custom card title Other relevant topics as wide cards Custom card title Custom card title Other relevant topics as narrow cards Custom card title Custom card title…","url":""},{"title":"程式碼","description":"With a custom card summary","url":""},{"title":"Custom card title","description":"程式碼筆記首頁 包含常用程式碼 C# SQL Get started Custom card title Custom card title Explore advanced features Custom card title Custom card title Other relevant topics as wide cards Custom card title Custom card title Other relevant topics as narrow cards Custom card title Custom card title…","url":""},{"title":"Custom card title","description":"With a custom card summary","url":""}]},"highlighted":{"title":"Explore advanced features","data":[{"title":"程式碼","description":"程式碼筆記首頁 包含常用程式碼 C# SQL Get started Custom card title Custom card title Explore advanced features Custom card title Custom card title Other relevant topics as wide cards Custom card title Custom card title Other relevant topics as narrow cards Custom card title Custom card title…","url":""},{"title":"程式碼","description":"With a custom card summary","url":""},{"title":"Custom card title","description":"程式碼筆記首頁 包含常用程式碼 C# SQL Get started Custom card title Custom card title Explore advanced features Custom card title Custom card title Other relevant topics as wide cards Custom card title Custom card title Other relevant topics as narrow cards Custom card title Custom card title…","url":""},{"title":"Custom card title","description":"With a custom card summary","url":""}]},"groups":[{"title":"Other relevant topics as wide cards","type":"cards","display":"wide","data":[{"title":"程式碼","description":"程式碼筆記首頁 包含常用程式碼 C# SQL Get started Custom card title Custom card title Explore advanced features Custom card title Custom card title Other relevant topics as wide cards Custom card title Custom card title Other relevant topics as narrow cards Custom card title Custom card title…","url":""},{"title":"程式碼","description":"With a custom card summary","url":""},{"title":"Custom card title","description":"程式碼筆記首頁 包含常用程式碼 C# SQL Get started Custom card title Custom card title Explore advanced features Custom card title Custom card title Other relevant topics as wide cards Custom card title Custom card title Other relevant topics as narrow cards Custom card title Custom card title…","url":""},{"title":"Custom card title","description":"With a custom card summary","url":""}]},{"title":"Other relevant topics as narrow cards","type":"cards","display":"normal","data":[{"title":"程式碼","description":"程式碼筆記首頁 包含常用程式碼 C# SQL Get started Custom card title Custom card title Explore advanced features Custom card title Custom card title Other relevant topics as wide cards Custom card title Custom card title Other relevant topics as narrow cards Custom card title Custom card title…","url":""},{"title":"程式碼","description":"程式碼筆記首頁 包含常用程式碼 C# SQL Get started Custom card title Custom card title Explore advanced features Custom card title Custom card title Other relevant topics as wide cards Custom card title Custom card title Other relevant topics as narrow cards Custom card title Custom card title…","url":""},{"title":"程式碼","description":"With a custom card summary","url":""},{"title":"Custom card title","description":"程式碼筆記首頁 包含常用程式碼 C# SQL Get started Custom card title Custom card title Explore advanced features Custom card title Custom card title Other relevant topics as wide cards Custom card title Custom card title Other relevant topics as narrow cards Custom card title Custom card title…","url":""},{"title":"Custom card title","description":"程式碼筆記首頁 包含常用程式碼 C# SQL Get started Custom card title Custom card title Explore advanced features Custom card title Custom card title Other relevant topics as wide cards Custom card title Custom card title Other relevant topics as narrow cards Custom card title Custom card title…","url":""},{"title":"Custom card title","description":"With a custom card summary","url":""}]},{"type":"links","display":"wide","data":[{"title":"Other related topics as links","data":[{"title":"程式碼","description":"程式碼筆記首頁 包含常用程式碼 C# SQL Get started Custom card title Custom card title Explore advanced features Custom card title Custom card title Other relevant topics as wide cards Custom card title Custom card title Other relevant topics as narrow cards Custom card title Custom card title…","url":""},{"title":"程式碼","description":"With a custom card summary","url":""},{"title":"Custom card title","description":"程式碼筆記首頁 包含常用程式碼 C# SQL Get started Custom card title Custom card title Explore advanced features Custom card title Custom card title Other relevant topics as wide cards Custom card title Custom card title Other relevant topics as narrow cards Custom card title Custom card title…","url":""},{"title":"Custom card title","description":"With a custom card summary","url":""}]},{"title":"Two in a row","data":[{"title":"程式碼","description":"程式碼筆記首頁 包含常用程式碼 C# SQL Get started Custom card title Custom card title Explore advanced features Custom card title Custom card title Other relevant topics as wide cards Custom card title Custom card title Other relevant topics as narrow cards Custom card title Custom card title…","url":""},{"title":"程式碼","description":"With a custom card summary","url":""},{"title":"Custom card title","description":"程式碼筆記首頁 包含常用程式碼 C# SQL Get started Custom card title Custom card title Explore advanced features Custom card title Custom card title Other relevant topics as wide cards Custom card title Custom card title Other relevant topics as narrow cards Custom card title Custom card title…","url":""},{"title":"Custom card title","description":"With a custom card summary","url":""}]}]},{"type":"links","display":"normal","data":[{"title":"More related topics","data":[{"title":"程式碼","description":"程式碼筆記首頁 包含常用程式碼 C# SQL Get started Custom card title Custom card title Explore advanced features Custom card title Custom card title Other relevant topics as wide cards Custom card title Custom card title Other relevant topics as narrow cards Custom card title Custom card title…","url":""},{"title":"程式碼","description":"With a custom card summary","url":""},{"title":"Custom card title","description":"程式碼筆記首頁 包含常用程式碼 C# SQL Get started Custom card title Custom card title Explore advanced features Custom card title Custom card title Other relevant topics as wide cards Custom card title Custom card title Other relevant topics as narrow cards Custom card title Custom card title…","url":""},{"title":"Custom card title","description":"With a custom card summary","url":""}]},{"title":"Three in a row","data":[{"title":"程式碼","description":"程式碼筆記首頁 包含常用程式碼 C# SQL Get started Custom card title Custom card title Explore advanced features Custom card title Custom card title Other relevant topics as wide cards Custom card title Custom card title Other relevant topics as narrow cards Custom card title Custom card title…","url":""},{"title":"程式碼","description":"程式碼筆記首頁 包含常用程式碼 C# SQL Get started Custom card title Custom card title Explore advanced features Custom card title Custom card title Other relevant topics as wide cards Custom card title Custom card title Other relevant topics as narrow cards Custom card title Custom card title…","url":""},{"title":"Custom card title","description":"程式碼筆記首頁 包含常用程式碼 C# SQL Get started Custom card title Custom card title Explore advanced features Custom card title Custom card title Other relevant topics as wide cards Custom card title Custom card title Other relevant topics as narrow cards Custom card title Custom card title…","url":""},{"title":"Custom card title","description":"程式碼筆記首頁 包含常用程式碼 C# SQL Get started Custom card title Custom card title Explore advanced features Custom card title Custom card title Other relevant topics as wide cards Custom card title Custom card title Other relevant topics as narrow cards Custom card title Custom card title…","url":""}]},{"title":"Each group is narrow","data":[{"title":"程式碼","description":"程式碼筆記首頁 包含常用程式碼 C# SQL Get started Custom card title Custom card title Explore advanced features Custom card title Custom card title Other relevant topics as wide cards Custom card title Custom card title Other relevant topics as narrow cards Custom card title Custom card title…","url":""},{"title":"程式碼","description":"程式碼筆記首頁 包含常用程式碼 C# SQL Get started Custom card title Custom card title Explore advanced features Custom card title Custom card title Other relevant topics as wide cards Custom card title Custom card title Other relevant topics as narrow cards Custom card title Custom card title…","url":""},{"title":"Custom card title","description":"程式碼筆記首頁 包含常用程式碼 C# SQL Get started Custom card title Custom card title Explore advanced features Custom card title Custom card title Other relevant topics as wide cards Custom card title Custom card title Other relevant topics as narrow cards Custom card title Custom card title…","url":""},{"title":"Custom card title","description":"程式碼筆記首頁 包含常用程式碼 C# SQL Get started Custom card title Custom card title Explore advanced features Custom card title Custom card title Other relevant topics as wide cards Custom card title Custom card title Other relevant topics as narrow cards Custom card title Custom card title…","url":""}]}]}],"prevNextLinks":{"prevPageTitle":"起始頁","nextPageUrl":"git-starting-page.html","nextPageTitle":"Git","prevPageUrl":"starting-page.html"}}