{"title":"筆記起始頁","subtitle":"個人筆記","tips":[{"title":"日本語","description":"跳轉到日本語筆記頁面","url":"japanese-starting-page.html","type":"world"},{"title":"程式碼","description":"跳轉到程式碼筆記頁面","url":"codenote-starting-page.html","type":"mixed"}],"main":{"title":"Get started","data":[{"title":"起始頁","description":"程式碼筆記起始頁","url":""}]},"highlighted":{"title":"構建工具","data":[{"title":"Writerside","description":"本筆記使用Jetbrains Writerside構建","url":"https://www.jetbrains.com/writerside/"}]},"prevNextLinks":{"nextPageUrl":"codenote-starting-page.html","nextPageTitle":"程式碼"}}