{"title":"筆記起始頁","subtitle":"個人筆記","tips":[{"title":"日本語","description":"跳轉到日本語筆記頁面","url":"japanese-starting-page.html","type":"account"},{"title":"程式碼","description":"跳轉到程式碼筆記頁面","url":"codenote-starting-page.html","type":"mixed"}],"main":{"title":"Get started","data":[{"title":"起始頁","description":"筆記起始頁 個人筆記 日本語 程式碼 Get started Explore advanced features","url":""}]},"highlighted":{"title":"Explore advanced features","data":[{"title":"起始頁","description":"筆記起始頁 個人筆記 日本語 程式碼 Get started Explore advanced features","url":""}]},"prevNextLinks":{"nextPageUrl":"codenote-starting-page.html","nextPageTitle":"程式碼"}}